timestamp,station,horizon_hours,model,pm25,no2,o3,pm25_rmse,no2_rmse,o3_rmse,pm25_r2,no2_r2,o3_r2
2026-05-11T23:57:03.877666,Francia,0,LSTM_Attention_Multi,6.012750148773193,15.749261856079102,77.10062408447266,2.8279,5.9141,8.8754,0.8571,0.8397,0.8861
2026-05-11T23:57:03.942926,Francia,0,LSTM_Attention_Multi,6.012750148773193,15.749261856079102,77.10062408447266,2.8279,5.9141,8.8754,0.8571,0.8397,0.8861
2026-05-11T23:57:03.999955,Universidad Politécnica,0,LSTM_Attention_Multi,6.080379009246826,15.576068878173828,78.56949615478516,2.8279,5.9141,8.8754,0.8571,0.8397,0.8861
2026-05-11T23:57:04.066105,Francia,0,LSTM_Attention_Multi,6.012750148773193,15.749261856079102,77.10062408447266,2.8279,5.9141,8.8754,0.8571,0.8397,0.8861
2026-05-11T23:57:04.121230,Molí del Sol,0,LSTM_Attention_Multi,5.644166469573975,14.564286231994629,79.7891616821289,2.8279,5.9141,8.8754,0.8571,0.8397,0.8861
2026-05-11T23:57:04.179881,Pista de Silla,0,LSTM_Attention_Multi,5.995736598968506,19.353952407836914,76.366943359375,2.8279,5.9141,8.8754,0.8571,0.8397,0.8861
2026-05-11T23:57:04.223497,Puerto Moll Trans. Ponent,0,LSTM_Attention_Multi,6.008576393127441,17.0946102142334,77.64226531982422,2.8279,5.9141,8.8754,0.8571,0.8397,0.8861
2026-05-11T23:57:04.273156,Puerto Valencia,0,LSTM_Attention_Multi,4.780196189880371,15.44049072265625,77.68579864501953,2.8279,5.9141,8.8754,0.8571,0.8397,0.8861
2026-05-11T23:57:04.315349,Puerto llit antic Túria,0,LSTM_Attention_Multi,5.603531360626221,17.909971237182617,73.81086730957031,2.8279,5.9141,8.8754,0.8571,0.8397,0.8861
2026-05-11T23:57:04.373238,Universidad Politécnica,0,LSTM_Attention_Multi,6.080379009246826,15.576068878173828,78.56949615478516,2.8279,5.9141,8.8754,0.8571,0.8397,0.8861
2026-05-11T23:57:05.043415,Francia,0,LSTM_Attention_Multi,6.012750148773193,15.749261856079102,77.10062408447266,2.8279,5.9141,8.8754,0.8571,0.8397,0.8861
2026-05-11T23:57:05.622748,Francia,24,LSTM_Attention_Multi,6.052508354187012,14.0979642868042,71.15899658203125,2.8279,5.9141,8.8754,0.8571,0.8397,0.8861
2026-05-11T23:57:06.193522,Francia,48,LSTM_Attention_Multi,6.062659740447998,14.120223045349121,71.19894409179688,2.8279,5.9141,8.8754,0.8571,0.8397,0.8861
2026-05-11T23:57:06.781898,Francia,72,LSTM_Attention_Multi,6.076315402984619,14.14794635772705,71.23698425292969,2.8279,5.9141,8.8754,0.8571,0.8397,0.8861
2026-05-11T23:57:06.846375,Francia,0,LSTM_Attention_Multi,6.012750148773193,15.749261856079102,77.10062408447266,2.8279,5.9141,8.8754,0.8571,0.8397,0.8861
2026-05-11T23:57:06.904993,Molí del Sol,0,LSTM_Attention_Multi,5.644166469573975,14.564286231994629,79.7891616821289,2.8279,5.9141,8.8754,0.8571,0.8397,0.8861
2026-05-11T23:57:06.965904,Pista de Silla,0,LSTM_Attention_Multi,5.995736598968506,19.353952407836914,76.366943359375,2.8279,5.9141,8.8754,0.8571,0.8397,0.8861
2026-05-11T23:57:07.010093,Puerto Moll Trans. Ponent,0,LSTM_Attention_Multi,6.008576393127441,17.0946102142334,77.64226531982422,2.8279,5.9141,8.8754,0.8571,0.8397,0.8861
2026-05-11T23:57:07.051234,Puerto Valencia,0,LSTM_Attention_Multi,4.780196189880371,15.44049072265625,77.68579864501953,2.8279,5.9141,8.8754,0.8571,0.8397,0.8861
2026-05-11T23:57:07.092686,Puerto llit antic Túria,0,LSTM_Attention_Multi,5.603531360626221,17.909971237182617,73.81086730957031,2.8279,5.9141,8.8754,0.8571,0.8397,0.8861
2026-05-11T23:57:07.154351,Universidad Politécnica,0,LSTM_Attention_Multi,6.080379009246826,15.576068878173828,78.56949615478516,2.8279,5.9141,8.8754,0.8571,0.8397,0.8861
2026-05-11T23:57:12.968105,Francia,0,LSTM_Attention_Multi,7.905632019042969,29.176170349121094,60.99602508544922,2.8279,5.9141,8.8754,0.8571,0.8397,0.8861
2026-05-11T23:57:13.519107,Francia,24,LSTM_Attention_Multi,8.034525871276855,31.02431297302246,60.80940628051758,2.8279,5.9141,8.8754,0.8571,0.8397,0.8861
2026-05-11T23:57:15.061935,Francia,48,LSTM_Attention_Multi,8.028791427612305,30.73613166809082,61.035133361816406,2.8279,5.9141,8.8754,0.8571,0.8397,0.8861
2026-05-11T23:57:15.643639,Francia,72,LSTM_Attention_Multi,8.023905754089355,30.452939987182617,61.252960205078125,2.8279,5.9141,8.8754,0.8571,0.8397,0.8861
2026-05-11T23:57:16.229386,Molí del Sol,0,LSTM_Attention_Multi,8.254471778869629,27.252790451049805,61.061004638671875,2.8279,5.9141,8.8754,0.8571,0.8397,0.8861
2026-05-11T23:57:16.822755,Molí del Sol,24,LSTM_Attention_Multi,8.047982215881348,27.625720977783203,62.2756462097168,2.8279,5.9141,8.8754,0.8571,0.8397,0.8861
2026-05-11T23:57:17.360929,Molí del Sol,48,LSTM_Attention_Multi,8.024964332580566,27.377037048339844,62.43300247192383,2.8279,5.9141,8.8754,0.8571,0.8397,0.8861
2026-05-11T23:57:17.975813,Molí del Sol,72,LSTM_Attention_Multi,8.005532264709473,27.134197235107422,62.58753204345703,2.8279,5.9141,8.8754,0.8571,0.8397,0.8861
2026-05-11T23:57:18.529361,Pista de Silla,0,LSTM_Attention_Multi,7.820488929748535,31.62840461730957,58.955726623535156,2.8279,5.9141,8.8754,0.8571,0.8397,0.8861
2026-05-11T23:57:19.100033,Pista de Silla,24,LSTM_Attention_Multi,7.527843952178955,32.78883361816406,60.5600471496582,2.8279,5.9141,8.8754,0.8571,0.8397,0.8861
2026-05-11T23:57:19.656368,Pista de Silla,48,LSTM_Attention_Multi,7.524716854095459,32.576873779296875,60.67011260986328,2.8279,5.9141,8.8754,0.8571,0.8397,0.8861
2026-05-11T23:57:20.223428,Pista de Silla,72,LSTM_Attention_Multi,7.5243330001831055,32.365196228027344,60.78097152709961,2.8279,5.9141,8.8754,0.8571,0.8397,0.8861
2026-05-11T23:57:20.778148,Puerto Moll Trans. Ponent,0,LSTM_Attention_Multi,7.439535140991211,27.227270126342773,60.95417404174805,2.8279,5.9141,8.8754,0.8571,0.8397,0.8861
2026-05-11T23:57:21.326378,Puerto Moll Trans. Ponent,24,LSTM_Attention_Multi,7.098647594451904,25.32398796081543,63.332481384277344,2.8279,5.9141,8.8754,0.8571,0.8397,0.8861
2026-05-11T23:57:21.867482,Puerto Moll Trans. Ponent,48,LSTM_Attention_Multi,7.079151153564453,25.156776428222656,63.43034362792969,2.8279,5.9141,8.8754,0.8571,0.8397,0.8861
2026-05-11T23:57:22.498197,Puerto Moll Trans. Ponent,72,LSTM_Attention_Multi,7.062533378601074,24.993471145629883,63.5230712890625,2.8279,5.9141,8.8754,0.8571,0.8397,0.8861
2026-05-11T23:57:23.084385,Puerto Valencia,0,LSTM_Attention_Multi,5.8549933433532715,25.462844848632812,61.61378860473633,2.8279,5.9141,8.8754,0.8571,0.8397,0.8861
2026-05-11T23:57:23.646280,Puerto Valencia,24,LSTM_Attention_Multi,5.63809061050415,24.958995819091797,62.863895416259766,2.8279,5.9141,8.8754,0.8571,0.8397,0.8861
2026-05-11T23:57:25.199474,Puerto Valencia,48,LSTM_Attention_Multi,5.633322715759277,24.701984405517578,62.975830078125,2.8279,5.9141,8.8754,0.8571,0.8397,0.8861
2026-05-11T23:57:25.761481,Puerto Valencia,72,LSTM_Attention_Multi,5.630653381347656,24.453168869018555,63.08940887451172,2.8279,5.9141,8.8754,0.8571,0.8397,0.8861
2026-05-11T23:57:26.295090,Puerto llit antic Túria,0,LSTM_Attention_Multi,7.2673258781433105,27.71199607849121,59.89350128173828,2.8279,5.9141,8.8754,0.8571,0.8397,0.8861
2026-05-11T23:57:26.856155,Puerto llit antic Túria,24,LSTM_Attention_Multi,6.991086006164551,26.49178695678711,61.885841369628906,2.8279,5.9141,8.8754,0.8571,0.8397,0.8861
2026-05-11T23:57:27.382123,Puerto llit antic Túria,48,LSTM_Attention_Multi,6.9850897789001465,26.28495979309082,61.945526123046875,2.8279,5.9141,8.8754,0.8571,0.8397,0.8861
2026-05-11T23:57:27.919615,Puerto llit antic Túria,72,LSTM_Attention_Multi,6.981112957000732,26.083852767944336,62.010128021240234,2.8279,5.9141,8.8754,0.8571,0.8397,0.8861
2026-05-11T23:57:28.479816,Universidad Politécnica,0,LSTM_Attention_Multi,7.534502983093262,27.484027862548828,58.76321792602539,2.8279,5.9141,8.8754,0.8571,0.8397,0.8861
2026-05-11T23:57:29.000126,Universidad Politécnica,24,LSTM_Attention_Multi,7.511352062225342,28.143701553344727,59.9717903137207,2.8279,5.9141,8.8754,0.8571,0.8397,0.8861
2026-05-11T23:57:29.575251,Universidad Politécnica,48,LSTM_Attention_Multi,7.485002517700195,27.878705978393555,60.17756652832031,2.8279,5.9141,8.8754,0.8571,0.8397,0.8861
2026-05-11T23:57:30.125441,Universidad Politécnica,72,LSTM_Attention_Multi,7.4612956047058105,27.6204833984375,60.37644577026367,2.8279,5.9141,8.8754,0.8571,0.8397,0.8861
2026-05-12T07:23:17.479622,Francia,0,LSTM_Attention_Multi,7.905632019042969,29.176170349121094,60.99602508544922,2.8279,5.9141,8.8754,0.8571,0.8397,0.8861
2026-05-12T07:23:17.551395,Francia,0,LSTM_Attention_Multi,7.905632019042969,29.176170349121094,60.99602508544922,2.8279,5.9141,8.8754,0.8571,0.8397,0.8861
2026-05-12T07:23:17.612615,Universidad Politécnica,0,LSTM_Attention_Multi,7.534502983093262,27.484027862548828,58.76321792602539,2.8279,5.9141,8.8754,0.8571,0.8397,0.8861
2026-05-12T07:23:17.683186,Francia,0,LSTM_Attention_Multi,7.905632019042969,29.176170349121094,60.99602508544922,2.8279,5.9141,8.8754,0.8571,0.8397,0.8861
2026-05-12T07:23:17.746191,Molí del Sol,0,LSTM_Attention_Multi,8.254471778869629,27.252790451049805,61.061004638671875,2.8279,5.9141,8.8754,0.8571,0.8397,0.8861
2026-05-12T07:23:17.811704,Pista de Silla,0,LSTM_Attention_Multi,7.820488929748535,31.62840461730957,58.955726623535156,2.8279,5.9141,8.8754,0.8571,0.8397,0.8861
2026-05-12T07:23:17.857598,Puerto Moll Trans. Ponent,0,LSTM_Attention_Multi,7.439535140991211,27.227270126342773,60.95417404174805,2.8279,5.9141,8.8754,0.8571,0.8397,0.8861
2026-05-12T07:23:17.901819,Puerto Valencia,0,LSTM_Attention_Multi,5.8549933433532715,25.462844848632812,61.61378860473633,2.8279,5.9141,8.8754,0.8571,0.8397,0.8861
2026-05-12T07:23:17.946623,Puerto llit antic Túria,0,LSTM_Attention_Multi,7.2673258781433105,27.71199607849121,59.89350128173828,2.8279,5.9141,8.8754,0.8571,0.8397,0.8861
2026-05-12T07:23:18.007837,Universidad Politécnica,0,LSTM_Attention_Multi,7.534502983093262,27.484027862548828,58.76321792602539,2.8279,5.9141,8.8754,0.8571,0.8397,0.8861
2026-05-12T07:23:18.644879,Francia,0,LSTM_Attention_Multi,7.905632019042969,29.176170349121094,60.99602508544922,2.8279,5.9141,8.8754,0.8571,0.8397,0.8861
2026-05-12T07:23:19.230693,Francia,24,LSTM_Attention_Multi,7.230651378631592,27.51011085510254,60.88528823852539,2.8279,5.9141,8.8754,0.8571,0.8397,0.8861
2026-05-12T07:23:19.770664,Francia,48,LSTM_Attention_Multi,7.2068190574646,27.29017448425293,61.062225341796875,2.8279,5.9141,8.8754,0.8571,0.8397,0.8861
2026-05-12T07:23:20.321742,Francia,72,LSTM_Attention_Multi,7.185478687286377,27.079130172729492,61.22899627685547,2.8279,5.9141,8.8754,0.8571,0.8397,0.8861
2026-05-12T07:23:20.391954,Francia,0,LSTM_Attention_Multi,7.905632019042969,29.176170349121094,60.99602508544922,2.8279,5.9141,8.8754,0.8571,0.8397,0.8861
2026-05-12T07:23:20.448061,Molí del Sol,0,LSTM_Attention_Multi,8.254471778869629,27.252790451049805,61.061004638671875,2.8279,5.9141,8.8754,0.8571,0.8397,0.8861
2026-05-12T07:23:20.511158,Pista de Silla,0,LSTM_Attention_Multi,7.820488929748535,31.62840461730957,58.955726623535156,2.8279,5.9141,8.8754,0.8571,0.8397,0.8861
2026-05-12T07:23:20.556889,Puerto Moll Trans. Ponent,0,LSTM_Attention_Multi,7.439535140991211,27.227270126342773,60.95417404174805,2.8279,5.9141,8.8754,0.8571,0.8397,0.8861
2026-05-12T07:23:20.602053,Puerto Valencia,0,LSTM_Attention_Multi,5.8549933433532715,25.462844848632812,61.61378860473633,2.8279,5.9141,8.8754,0.8571,0.8397,0.8861
2026-05-12T07:23:20.646636,Puerto llit antic Túria,0,LSTM_Attention_Multi,7.2673258781433105,27.71199607849121,59.89350128173828,2.8279,5.9141,8.8754,0.8571,0.8397,0.8861
2026-05-12T07:23:20.706804,Universidad Politécnica,0,LSTM_Attention_Multi,7.534502983093262,27.484027862548828,58.76321792602539,2.8279,5.9141,8.8754,0.8571,0.8397,0.8861
2026-05-12T07:23:24.501428,Francia,0,LSTM_Attention_Multi,10.61593246459961,35.70170593261719,35.093544006347656,2.8279,5.9141,8.8754,0.8571,0.8397,0.8861
2026-05-12T07:23:25.050555,Francia,24,LSTM_Attention_Multi,10.142006874084473,32.645652770996094,34.10313034057617,2.8279,5.9141,8.8754,0.8571,0.8397,0.8861
2026-05-12T07:23:25.628709,Francia,48,LSTM_Attention_Multi,10.130170822143555,32.511600494384766,34.334598541259766,2.8279,5.9141,8.8754,0.8571,0.8397,0.8861
2026-05-12T07:23:28.616281,Francia,72,LSTM_Attention_Multi,10.119527816772461,32.382545471191406,34.56367492675781,2.8279,5.9141,8.8754,0.8571,0.8397,0.8861
2026-05-12T07:23:29.189351,Molí del Sol,0,LSTM_Attention_Multi,11.743159294128418,35.900978088378906,29.90194320678711,2.8279,5.9141,8.8754,0.8571,0.8397,0.8861
2026-05-12T07:23:29.747079,Molí del Sol,24,LSTM_Attention_Multi,11.11083698272705,32.69271469116211,31.09722328186035,2.8279,5.9141,8.8754,0.8571,0.8397,0.8861
2026-05-12T07:23:30.332184,Molí del Sol,48,LSTM_Attention_Multi,11.093029975891113,32.59004592895508,31.234655380249023,2.8279,5.9141,8.8754,0.8571,0.8397,0.8861
2026-05-12T07:23:30.915412,Molí del Sol,72,LSTM_Attention_Multi,11.077775955200195,32.48683547973633,31.370519638061523,2.8279,5.9141,8.8754,0.8571,0.8397,0.8861
2026-05-12T07:23:31.535157,Pista de Silla,0,LSTM_Attention_Multi,10.61501693725586,39.02670669555664,29.76194190979004,2.8279,5.9141,8.8754,0.8571,0.8397,0.8861
2026-05-12T07:23:32.119927,Pista de Silla,24,LSTM_Attention_Multi,10.208611488342285,34.51504135131836,29.791683197021484,2.8279,5.9141,8.8754,0.8571,0.8397,0.8861
2026-05-12T07:23:32.719312,Pista de Silla,48,LSTM_Attention_Multi,10.199277877807617,34.508296966552734,29.84993553161621,2.8279,5.9141,8.8754,0.8571,0.8397,0.8861
2026-05-12T07:23:33.316603,Pista de Silla,72,LSTM_Attention_Multi,10.189863204956055,34.50010681152344,29.90753173828125,2.8279,5.9141,8.8754,0.8571,0.8397,0.8861
2026-05-12T07:23:33.890930,Puerto Moll Trans. Ponent,0,LSTM_Attention_Multi,9.34644889831543,34.2161750793457,33.30539321899414,2.8279,5.9141,8.8754,0.8571,0.8397,0.8861
2026-05-12T07:23:34.617755,Puerto Moll Trans. Ponent,24,LSTM_Attention_Multi,9.171491622924805,32.48361587524414,33.83005142211914,2.8279,5.9141,8.8754,0.8571,0.8397,0.8861
2026-05-12T07:23:35.154649,Puerto Moll Trans. Ponent,48,LSTM_Attention_Multi,9.163585662841797,32.41440963745117,33.90876770019531,2.8279,5.9141,8.8754,0.8571,0.8397,0.8861
2026-05-12T07:23:35.689660,Puerto Moll Trans. Ponent,72,LSTM_Attention_Multi,9.154523849487305,32.34026336669922,33.98808288574219,2.8279,5.9141,8.8754,0.8571,0.8397,0.8861
2026-05-12T07:23:36.199340,Puerto Valencia,0,LSTM_Attention_Multi,8.461538314819336,34.13994598388672,31.50765609741211,2.8279,5.9141,8.8754,0.8571,0.8397,0.8861
2026-05-12T07:23:36.734934,Puerto Valencia,24,LSTM_Attention_Multi,8.065977096557617,32.452430725097656,32.17103958129883,2.8279,5.9141,8.8754,0.8571,0.8397,0.8861
2026-05-12T07:23:37.269735,Puerto Valencia,48,LSTM_Attention_Multi,8.060226440429688,32.35127258300781,32.26963424682617,2.8279,5.9141,8.8754,0.8571,0.8397,0.8861
2026-05-12T07:23:37.792428,Puerto Valencia,72,LSTM_Attention_Multi,8.057453155517578,32.24565887451172,32.366180419921875,2.8279,5.9141,8.8754,0.8571,0.8397,0.8861
2026-05-12T07:23:38.308966,Puerto llit antic Túria,0,LSTM_Attention_Multi,9.00858211517334,32.088470458984375,34.84362030029297,2.8279,5.9141,8.8754,0.8571,0.8397,0.8861
2026-05-12T07:23:38.853253,Puerto llit antic Túria,24,LSTM_Attention_Multi,9.192096710205078,30.139572143554688,33.9127197265625,2.8279,5.9141,8.8754,0.8571,0.8397,0.8861
2026-05-12T07:23:39.428715,Puerto llit antic Túria,48,LSTM_Attention_Multi,9.184404373168945,30.05516815185547,33.97605514526367,2.8279,5.9141,8.8754,0.8571,0.8397,0.8861
2026-05-12T07:23:39.959558,Puerto llit antic Túria,72,LSTM_Attention_Multi,9.177899360656738,29.970226287841797,34.0386962890625,2.8279,5.9141,8.8754,0.8571,0.8397,0.8861
2026-05-12T07:23:40.540625,Universidad Politécnica,0,LSTM_Attention_Multi,10.429221153259277,36.68025207519531,27.360347747802734,2.8279,5.9141,8.8754,0.8571,0.8397,0.8861
2026-05-12T07:23:41.130915,Universidad Politécnica,24,LSTM_Attention_Multi,9.70811939239502,32.630985260009766,30.533618927001953,2.8279,5.9141,8.8754,0.8571,0.8397,0.8861
2026-05-12T07:23:46.037535,Universidad Politécnica,48,LSTM_Attention_Multi,9.684941291809082,32.536537170410156,30.643949508666992,2.8279,5.9141,8.8754,0.8571,0.8397,0.8861
2026-05-12T07:23:46.616207,Universidad Politécnica,72,LSTM_Attention_Multi,9.66341495513916,32.44091796875,30.74884605407715,2.8279,5.9141,8.8754,0.8571,0.8397,0.8861
2026-05-12T07:31:02.102767,Politécnico,0,LSTM_Attention_Multi,13.600000381469727,86.0,114.19999694824219,2.8279,5.9141,8.8754,0.8571,0.8397,0.8861
2026-05-12T07:31:02.106315,Politécnico,0,LSTM_Attention_Multi,13.600000381469727,86.0,114.19999694824219,2.8279,5.9141,8.8754,0.8571,0.8397,0.8861
2026-05-12T07:31:02.112104,Francia,0,LSTM_Attention_Multi,13.600000381469727,86.0,114.19999694824219,2.8279,5.9141,8.8754,0.8571,0.8397,0.8861
2026-05-12T07:31:02.112182,Universidad Politécnica,0,LSTM_Attention_Multi,14.199999809265137,90.0,115.39999389648438,2.8279,5.9141,8.8754,0.8571,0.8397,0.8861
2026-05-12T07:31:02.115375,Universidad Politécnica,0,LSTM_Attention_Multi,13.600000381469727,86.0,114.19999694824219,2.8279,5.9141,8.8754,0.8571,0.8397,0.8861
2026-05-12T07:31:02.115463,Puerto Valencia,0,LSTM_Attention_Multi,14.199999809265137,90.0,115.39999389648438,2.8279,5.9141,8.8754,0.8571,0.8397,0.8861
2026-05-12T07:31:02.121688,Francia,0,LSTM_Attention_Multi,13.600000381469727,86.0,114.19999694824219,2.8279,5.9141,8.8754,0.8571,0.8397,0.8861
2026-05-12T07:31:02.125061,Molí del Sol,0,LSTM_Attention_Multi,13.600000381469727,86.0,114.19999694824219,2.8279,5.9141,8.8754,0.8571,0.8397,0.8861
2026-05-12T07:31:02.128226,Pista de Silla,0,LSTM_Attention_Multi,13.600000381469727,86.0,114.19999694824219,2.8279,5.9141,8.8754,0.8571,0.8397,0.8861
2026-05-12T07:31:02.131258,Puerto Moll Trans. Ponent,0,LSTM_Attention_Multi,13.600000381469727,86.0,114.19999694824219,2.8279,5.9141,8.8754,0.8571,0.8397,0.8861
2026-05-12T07:31:02.134309,Puerto Valencia,0,LSTM_Attention_Multi,13.600000381469727,86.0,114.19999694824219,2.8279,5.9141,8.8754,0.8571,0.8397,0.8861
2026-05-12T07:31:02.137784,Puerto llit antic Túria,0,LSTM_Attention_Multi,13.600000381469727,86.0,114.19999694824219,2.8279,5.9141,8.8754,0.8571,0.8397,0.8861
2026-05-12T07:31:02.140965,Universidad Politécnica,0,LSTM_Attention_Multi,13.600000381469727,86.0,114.19999694824219,2.8279,5.9141,8.8754,0.8571,0.8397,0.8861
2026-05-12T07:32:32.892890,Francia,0,LSTM_Attention_Multi,10.61593246459961,35.70170593261719,35.093544006347656,2.8279,5.9141,8.8754,0.8571,0.8397,0.8861
2026-05-12T07:32:32.956965,Francia,0,LSTM_Attention_Multi,10.61593246459961,35.70170593261719,35.093544006347656,2.8279,5.9141,8.8754,0.8571,0.8397,0.8861
2026-05-12T07:32:33.012850,Universidad Politécnica,0,LSTM_Attention_Multi,10.429221153259277,36.68025207519531,27.360347747802734,2.8279,5.9141,8.8754,0.8571,0.8397,0.8861
2026-05-12T07:32:33.074866,Francia,0,LSTM_Attention_Multi,10.61593246459961,35.70170593261719,35.093544006347656,2.8279,5.9141,8.8754,0.8571,0.8397,0.8861
2026-05-12T07:32:33.126215,Molí del Sol,0,LSTM_Attention_Multi,11.743159294128418,35.900978088378906,29.90194320678711,2.8279,5.9141,8.8754,0.8571,0.8397,0.8861
2026-05-12T07:32:33.181150,Pista de Silla,0,LSTM_Attention_Multi,10.61501693725586,39.02670669555664,29.76194190979004,2.8279,5.9141,8.8754,0.8571,0.8397,0.8861
2026-05-12T07:32:33.223542,Puerto Moll Trans. Ponent,0,LSTM_Attention_Multi,9.34644889831543,34.2161750793457,33.30539321899414,2.8279,5.9141,8.8754,0.8571,0.8397,0.8861
2026-05-12T07:32:33.264519,Puerto Valencia,0,LSTM_Attention_Multi,8.461538314819336,34.13994598388672,31.50765609741211,2.8279,5.9141,8.8754,0.8571,0.8397,0.8861
2026-05-12T07:32:33.305491,Puerto llit antic Túria,0,LSTM_Attention_Multi,9.00858211517334,32.088470458984375,34.84362030029297,2.8279,5.9141,8.8754,0.8571,0.8397,0.8861
2026-05-12T07:32:33.357962,Universidad Politécnica,0,LSTM_Attention_Multi,10.429221153259277,36.68025207519531,27.360347747802734,2.8279,5.9141,8.8754,0.8571,0.8397,0.8861
2026-05-12T07:32:34.006996,Francia,0,LSTM_Attention_Multi,10.61593246459961,35.70170593261719,35.093544006347656,2.8279,5.9141,8.8754,0.8571,0.8397,0.8861
2026-05-12T07:32:35.696761,Francia,0,LSTM_Attention_Multi,10.61593246459961,35.70170593261719,35.093544006347656,2.8279,5.9141,8.8754,0.8571,0.8397,0.8861
2026-05-12T07:32:35.752928,Molí del Sol,0,LSTM_Attention_Multi,11.743159294128418,35.900978088378906,29.90194320678711,2.8279,5.9141,8.8754,0.8571,0.8397,0.8861
2026-05-12T07:32:35.812794,Pista de Silla,0,LSTM_Attention_Multi,10.61501693725586,39.02670669555664,29.76194190979004,2.8279,5.9141,8.8754,0.8571,0.8397,0.8861
2026-05-12T07:32:35.856706,Puerto Moll Trans. Ponent,0,LSTM_Attention_Multi,9.34644889831543,34.2161750793457,33.30539321899414,2.8279,5.9141,8.8754,0.8571,0.8397,0.8861
2026-05-12T07:32:35.897186,Puerto Valencia,0,LSTM_Attention_Multi,8.461538314819336,34.13994598388672,31.50765609741211,2.8279,5.9141,8.8754,0.8571,0.8397,0.8861
2026-05-12T07:32:35.937563,Puerto llit antic Túria,0,LSTM_Attention_Multi,9.00858211517334,32.088470458984375,34.84362030029297,2.8279,5.9141,8.8754,0.8571,0.8397,0.8861
2026-05-12T07:32:35.994286,Universidad Politécnica,0,LSTM_Attention_Multi,10.429221153259277,36.68025207519531,27.360347747802734,2.8279,5.9141,8.8754,0.8571,0.8397,0.8861
2026-05-12T07:32:41.723865,Francia,0,LSTM_Attention_Multi,10.61593246459961,35.70170593261719,35.093544006347656,2.8279,5.9141,8.8754,0.8571,0.8397,0.8861
2026-05-12T07:32:42.241478,Francia,24,LSTM_Attention_Multi,10.142006874084473,32.645652770996094,34.10313034057617,2.8279,5.9141,8.8754,0.8571,0.8397,0.8861
2026-05-12T07:32:42.825253,Francia,48,LSTM_Attention_Multi,10.130170822143555,32.511600494384766,34.334598541259766,2.8279,5.9141,8.8754,0.8571,0.8397,0.8861
2026-05-12T07:32:43.417215,Francia,72,LSTM_Attention_Multi,10.119527816772461,32.382545471191406,34.56367492675781,2.8279,5.9141,8.8754,0.8571,0.8397,0.8861
2026-05-12T07:32:43.992567,Molí del Sol,0,LSTM_Attention_Multi,11.743159294128418,35.900978088378906,29.90194320678711,2.8279,5.9141,8.8754,0.8571,0.8397,0.8861
2026-05-12T07:32:44.551608,Molí del Sol,24,LSTM_Attention_Multi,11.11083698272705,32.69271469116211,31.09722328186035,2.8279,5.9141,8.8754,0.8571,0.8397,0.8861
2026-05-12T07:32:45.130465,Molí del Sol,48,LSTM_Attention_Multi,11.093029975891113,32.59004592895508,31.234655380249023,2.8279,5.9141,8.8754,0.8571,0.8397,0.8861
2026-05-12T07:32:46.656467,Molí del Sol,72,LSTM_Attention_Multi,11.077775955200195,32.48683547973633,31.370519638061523,2.8279,5.9141,8.8754,0.8571,0.8397,0.8861
2026-05-12T07:32:47.197711,Pista de Silla,0,LSTM_Attention_Multi,10.61501693725586,39.02670669555664,29.76194190979004,2.8279,5.9141,8.8754,0.8571,0.8397,0.8861
2026-05-12T07:32:47.746309,Pista de Silla,24,LSTM_Attention_Multi,10.208611488342285,34.51504135131836,29.791683197021484,2.8279,5.9141,8.8754,0.8571,0.8397,0.8861
2026-05-12T07:32:48.336903,Pista de Silla,48,LSTM_Attention_Multi,10.199277877807617,34.508296966552734,29.84993553161621,2.8279,5.9141,8.8754,0.8571,0.8397,0.8861
2026-05-12T07:32:48.894916,Pista de Silla,72,LSTM_Attention_Multi,10.189863204956055,34.50010681152344,29.90753173828125,2.8279,5.9141,8.8754,0.8571,0.8397,0.8861
2026-05-12T07:32:49.427548,Puerto Moll Trans. Ponent,0,LSTM_Attention_Multi,9.34644889831543,34.2161750793457,33.30539321899414,2.8279,5.9141,8.8754,0.8571,0.8397,0.8861
2026-05-12T07:32:49.973601,Puerto Moll Trans. Ponent,24,LSTM_Attention_Multi,9.171491622924805,32.48361587524414,33.83005142211914,2.8279,5.9141,8.8754,0.8571,0.8397,0.8861
2026-05-12T07:32:50.537408,Puerto Moll Trans. Ponent,48,LSTM_Attention_Multi,9.163585662841797,32.41440963745117,33.90876770019531,2.8279,5.9141,8.8754,0.8571,0.8397,0.8861
2026-05-12T07:32:51.044258,Puerto Moll Trans. Ponent,72,LSTM_Attention_Multi,9.154523849487305,32.34026336669922,33.98808288574219,2.8279,5.9141,8.8754,0.8571,0.8397,0.8861
2026-05-12T07:32:51.595382,Puerto Valencia,0,LSTM_Attention_Multi,8.461538314819336,34.13994598388672,31.50765609741211,2.8279,5.9141,8.8754,0.8571,0.8397,0.8861
2026-05-12T07:32:52.154612,Puerto Valencia,24,LSTM_Attention_Multi,8.065977096557617,32.452430725097656,32.17103958129883,2.8279,5.9141,8.8754,0.8571,0.8397,0.8861
2026-05-12T07:32:52.684465,Puerto Valencia,48,LSTM_Attention_Multi,8.060226440429688,32.35127258300781,32.26963424682617,2.8279,5.9141,8.8754,0.8571,0.8397,0.8861
2026-05-12T07:32:53.216497,Puerto Valencia,72,LSTM_Attention_Multi,8.057453155517578,32.24565887451172,32.366180419921875,2.8279,5.9141,8.8754,0.8571,0.8397,0.8861
2026-05-12T07:32:53.802130,Puerto llit antic Túria,0,LSTM_Attention_Multi,9.00858211517334,32.088470458984375,34.84362030029297,2.8279,5.9141,8.8754,0.8571,0.8397,0.8861
2026-05-12T07:32:55.355593,Puerto llit antic Túria,24,LSTM_Attention_Multi,9.192096710205078,30.139572143554688,33.9127197265625,2.8279,5.9141,8.8754,0.8571,0.8397,0.8861
2026-05-12T07:32:55.968448,Puerto llit antic Túria,48,LSTM_Attention_Multi,9.184404373168945,30.05516815185547,33.97605514526367,2.8279,5.9141,8.8754,0.8571,0.8397,0.8861
2026-05-12T07:32:56.738162,Puerto llit antic Túria,72,LSTM_Attention_Multi,9.177899360656738,29.970226287841797,34.0386962890625,2.8279,5.9141,8.8754,0.8571,0.8397,0.8861
2026-05-12T07:32:57.451205,Universidad Politécnica,0,LSTM_Attention_Multi,10.429221153259277,36.68025207519531,27.360347747802734,2.8279,5.9141,8.8754,0.8571,0.8397,0.8861
2026-05-12T07:33:00.103859,Universidad Politécnica,24,LSTM_Attention_Multi,9.70811939239502,32.630985260009766,30.533618927001953,2.8279,5.9141,8.8754,0.8571,0.8397,0.8861
2026-05-12T07:33:00.716531,Universidad Politécnica,48,LSTM_Attention_Multi,9.684941291809082,32.536537170410156,30.643949508666992,2.8279,5.9141,8.8754,0.8571,0.8397,0.8861
2026-05-12T07:33:01.234044,Universidad Politécnica,72,LSTM_Attention_Multi,9.66341495513916,32.44091796875,30.74884605407715,2.8279,5.9141,8.8754,0.8571,0.8397,0.8861
2026-05-12T08:28:06.150872,Francia,0,LSTM_Attention_Multi,10.61593246459961,35.70170593261719,35.093544006347656,2.8279,5.9141,8.8754,0.8571,0.8397,0.8861
2026-05-12T08:28:06.150949,Francia,0,LSTM_Attention_Multi,10.61593246459961,35.70170593261719,35.093544006347656,2.8279,5.9141,8.8754,0.8571,0.8397,0.8861
2026-05-12T08:28:06.257939,Molí del Sol,0,LSTM_Attention_Multi,11.743159294128418,35.900978088378906,29.90194320678711,2.8279,5.9141,8.8754,0.8571,0.8397,0.8861
2026-05-12T08:28:06.366374,Pista de Silla,0,LSTM_Attention_Multi,10.61501693725586,39.02670669555664,29.76194190979004,2.8279,5.9141,8.8754,0.8571,0.8397,0.8861
2026-05-12T08:28:06.422975,Puerto Moll Trans. Ponent,0,LSTM_Attention_Multi,9.34644889831543,34.2161750793457,33.30539321899414,2.8279,5.9141,8.8754,0.8571,0.8397,0.8861
2026-05-12T08:28:06.473610,Puerto Valencia,0,LSTM_Attention_Multi,8.461538314819336,34.13994598388672,31.50765609741211,2.8279,5.9141,8.8754,0.8571,0.8397,0.8861
2026-05-12T08:28:06.523199,Puerto llit antic Túria,0,LSTM_Attention_Multi,9.00858211517334,32.088470458984375,34.84362030029297,2.8279,5.9141,8.8754,0.8571,0.8397,0.8861
2026-05-12T08:28:06.622545,Universidad Politécnica,0,LSTM_Attention_Multi,10.429221153259277,36.68025207519531,27.360347747802734,2.8279,5.9141,8.8754,0.8571,0.8397,0.8861
2026-05-12T08:28:08.099763,Francia,0,LSTM_Attention_Multi,10.61593246459961,35.70170593261719,35.093544006347656,2.8279,5.9141,8.8754,0.8571,0.8397,0.8861
2026-05-12T08:29:06.688818,Francia,0,LSTM_Attention_Multi,10.61593246459961,35.70170593261719,35.093544006347656,2.8279,5.9141,8.8754,0.8571,0.8397,0.8861
2026-05-12T08:30:04.448090,Francia,0,LSTM_Attention_Multi,10.61593246459961,35.70170593261719,35.093544006347656,2.8279,5.9141,8.8754,0.8571,0.8397,0.8861
2026-05-12T08:31:05.523168,Francia,0,LSTM_Attention_Multi,10.61593246459961,35.70170593261719,35.093544006347656,2.8279,5.9141,8.8754,0.8571,0.8397,0.8861
2026-05-12T08:32:06.520902,Francia,0,LSTM_Attention_Multi,10.61593246459961,35.70170593261719,35.093544006347656,2.8279,5.9141,8.8754,0.8571,0.8397,0.8861
2026-05-12T08:32:10.972335,Francia,0,LSTM_Attention_Multi,10.61593246459961,35.70170593261719,35.093544006347656,2.8279,5.9141,8.8754,0.8571,0.8397,0.8861
2026-05-12T10:23:16.852733,Francia,0,LSTM_Attention_Multi,10.61593246459961,35.70170593261719,35.093544006347656,2.8279,5.9141,8.8754,0.8571,0.8397,0.8861
2026-05-12T10:23:16.880320,Francia,0,LSTM_Attention_Multi,10.61593246459961,35.70170593261719,35.093544006347656,2.8279,5.9141,8.8754,0.8571,0.8397,0.8861
2026-05-12T10:23:16.997403,Molí del Sol,0,LSTM_Attention_Multi,11.743159294128418,35.900978088378906,29.90194320678711,2.8279,5.9141,8.8754,0.8571,0.8397,0.8861
2026-05-12T10:23:17.106470,Pista de Silla,0,LSTM_Attention_Multi,10.61501693725586,39.02670669555664,29.76194190979004,2.8279,5.9141,8.8754,0.8571,0.8397,0.8861
2026-05-12T10:23:17.161149,Puerto Moll Trans. Ponent,0,LSTM_Attention_Multi,9.34644889831543,34.2161750793457,33.30539321899414,2.8279,5.9141,8.8754,0.8571,0.8397,0.8861
2026-05-12T10:23:17.215369,Puerto Valencia,0,LSTM_Attention_Multi,8.461538314819336,34.13994598388672,31.50765609741211,2.8279,5.9141,8.8754,0.8571,0.8397,0.8861
2026-05-12T10:23:17.265503,Puerto llit antic Túria,0,LSTM_Attention_Multi,9.00858211517334,32.088470458984375,34.84362030029297,2.8279,5.9141,8.8754,0.8571,0.8397,0.8861
2026-05-12T10:23:17.371688,Universidad Politécnica,0,LSTM_Attention_Multi,10.429221153259277,36.68025207519531,27.360347747802734,2.8279,5.9141,8.8754,0.8571,0.8397,0.8861
2026-05-12T10:24:14.496878,Francia,0,LSTM_Attention_Multi,10.61593246459961,35.70170593261719,35.093544006347656,2.8279,5.9141,8.8754,0.8571,0.8397,0.8861
2026-05-12T10:25:15.109175,Francia,0,LSTM_Attention_Multi,10.61593246459961,35.70170593261719,35.093544006347656,2.8279,5.9141,8.8754,0.8571,0.8397,0.8861
2026-05-12T10:25:16.102347,Molí del Sol,0,LSTM_Attention_Multi,11.743159294128418,35.900978088378906,29.90194320678711,2.8279,5.9141,8.8754,0.8571,0.8397,0.8861
2026-05-12T10:25:16.686429,Molí del Sol,24,LSTM_Attention_Multi,11.364540100097656,34.286251068115234,31.061119079589844,2.8279,5.9141,8.8754,0.8571,0.8397,0.8861
2026-05-12T10:25:17.350376,Molí del Sol,48,LSTM_Attention_Multi,11.355088233947754,34.18367385864258,31.19843864440918,2.8279,5.9141,8.8754,0.8571,0.8397,0.8861
2026-05-12T10:25:17.924138,Molí del Sol,72,LSTM_Attention_Multi,11.346909523010254,34.08657455444336,31.331668853759766,2.8279,5.9141,8.8754,0.8571,0.8397,0.8861
2026-05-12T10:26:15.838585,Francia,0,LSTM_Attention_Multi,10.61593246459961,35.70170593261719,35.093544006347656,2.8279,5.9141,8.8754,0.8571,0.8397,0.8861
2026-05-12T10:27:15.483012,Francia,0,LSTM_Attention_Multi,10.61593246459961,35.70170593261719,35.093544006347656,2.8279,5.9141,8.8754,0.8571,0.8397,0.8861
2026-05-12T10:28:15.857343,Francia,0,LSTM_Attention_Multi,10.61593246459961,35.70170593261719,35.093544006347656,2.8279,5.9141,8.8754,0.8571,0.8397,0.8861
2026-05-12T10:29:16.869238,Francia,0,LSTM_Attention_Multi,10.61593246459961,35.70170593261719,35.093544006347656,2.8279,5.9141,8.8754,0.8571,0.8397,0.8861
2026-05-12T10:30:14.849575,Francia,0,LSTM_Attention_Multi,10.61593246459961,35.70170593261719,35.093544006347656,2.8279,5.9141,8.8754,0.8571,0.8397,0.8861
2026-05-12T10:31:15.585242,Francia,0,LSTM_Attention_Multi,10.61593246459961,35.70170593261719,35.093544006347656,2.8279,5.9141,8.8754,0.8571,0.8397,0.8861
2026-05-12T10:32:16.289239,Francia,0,LSTM_Attention_Multi,10.61593246459961,35.70170593261719,35.093544006347656,2.8279,5.9141,8.8754,0.8571,0.8397,0.8861
2026-05-12T10:33:14.348664,Francia,0,LSTM_Attention_Multi,10.61593246459961,35.70170593261719,35.093544006347656,2.8279,5.9141,8.8754,0.8571,0.8397,0.8861
2026-05-12T10:34:15.170857,Francia,0,LSTM_Attention_Multi,10.61593246459961,35.70170593261719,35.093544006347656,2.8279,5.9141,8.8754,0.8571,0.8397,0.8861
2026-05-12T10:35:16.027612,Francia,0,LSTM_Attention_Multi,10.61593246459961,35.70170593261719,35.093544006347656,2.8279,5.9141,8.8754,0.8571,0.8397,0.8861
2026-05-12T10:36:16.915496,Francia,0,LSTM_Attention_Multi,10.61593246459961,35.70170593261719,35.093544006347656,2.8279,5.9141,8.8754,0.8571,0.8397,0.8861
2026-05-12T10:37:14.678803,Francia,0,LSTM_Attention_Multi,10.61593246459961,35.70170593261719,35.093544006347656,2.8279,5.9141,8.8754,0.8571,0.8397,0.8861
2026-05-12T10:38:16.951832,Francia,0,LSTM_Attention_Multi,10.61593246459961,35.70170593261719,35.093544006347656,2.8279,5.9141,8.8754,0.8571,0.8397,0.8861
2026-05-12T10:39:14.901834,Francia,0,LSTM_Attention_Multi,10.61593246459961,35.70170593261719,35.093544006347656,2.8279,5.9141,8.8754,0.8571,0.8397,0.8861
2026-05-12T10:40:15.718907,Francia,0,LSTM_Attention_Multi,10.61593246459961,35.70170593261719,35.093544006347656,2.8279,5.9141,8.8754,0.8571,0.8397,0.8861
2026-05-12T10:41:18.814060,Francia,0,LSTM_Attention_Multi,10.61593246459961,35.70170593261719,35.093544006347656,2.8279,5.9141,8.8754,0.8571,0.8397,0.8861
2026-05-12T10:42:15.661903,Francia,0,LSTM_Attention_Multi,10.61593246459961,35.70170593261719,35.093544006347656,2.8279,5.9141,8.8754,0.8571,0.8397,0.8861
2026-05-12T10:43:15.724960,Francia,0,LSTM_Attention_Multi,10.61593246459961,35.70170593261719,35.093544006347656,2.8279,5.9141,8.8754,0.8571,0.8397,0.8861
2026-05-12T10:43:54.686725,Politécnico,0,LSTM_Attention_Multi,13.600000381469727,86.0,114.19999694824219,2.8279,5.9141,8.8754,0.8571,0.8397,0.8861
2026-05-12T10:43:54.690334,Politécnico,0,LSTM_Attention_Multi,13.600000381469727,86.0,114.19999694824219,2.8279,5.9141,8.8754,0.8571,0.8397,0.8861
2026-05-12T10:43:54.696544,Francia,0,LSTM_Attention_Multi,13.600000381469727,86.0,114.19999694824219,2.8279,5.9141,8.8754,0.8571,0.8397,0.8861
2026-05-12T10:43:54.696628,Universidad Politécnica,0,LSTM_Attention_Multi,14.199999809265137,90.0,115.39999389648438,2.8279,5.9141,8.8754,0.8571,0.8397,0.8861
2026-05-12T10:43:54.699740,Universidad Politécnica,0,LSTM_Attention_Multi,13.600000381469727,86.0,114.19999694824219,2.8279,5.9141,8.8754,0.8571,0.8397,0.8861
2026-05-12T10:43:54.699824,Puerto Valencia,0,LSTM_Attention_Multi,14.199999809265137,90.0,115.39999389648438,2.8279,5.9141,8.8754,0.8571,0.8397,0.8861
2026-05-12T10:43:54.706573,Francia,0,LSTM_Attention_Multi,13.600000381469727,86.0,114.19999694824219,2.8279,5.9141,8.8754,0.8571,0.8397,0.8861
2026-05-12T10:43:54.709559,Molí del Sol,0,LSTM_Attention_Multi,13.600000381469727,86.0,114.19999694824219,2.8279,5.9141,8.8754,0.8571,0.8397,0.8861
2026-05-12T10:43:54.712525,Pista de Silla,0,LSTM_Attention_Multi,13.600000381469727,86.0,114.19999694824219,2.8279,5.9141,8.8754,0.8571,0.8397,0.8861
2026-05-12T10:43:54.715569,Puerto Moll Trans. Ponent,0,LSTM_Attention_Multi,13.600000381469727,86.0,114.19999694824219,2.8279,5.9141,8.8754,0.8571,0.8397,0.8861
2026-05-12T10:43:54.718766,Puerto Valencia,0,LSTM_Attention_Multi,13.600000381469727,86.0,114.19999694824219,2.8279,5.9141,8.8754,0.8571,0.8397,0.8861
2026-05-12T10:43:54.721951,Puerto llit antic Túria,0,LSTM_Attention_Multi,13.600000381469727,86.0,114.19999694824219,2.8279,5.9141,8.8754,0.8571,0.8397,0.8861
2026-05-12T10:43:54.724979,Universidad Politécnica,0,LSTM_Attention_Multi,13.600000381469727,86.0,114.19999694824219,2.8279,5.9141,8.8754,0.8571,0.8397,0.8861
2026-05-12T10:44:16.304312,Francia,0,LSTM_Attention_Multi,10.61593246459961,35.70170593261719,35.093544006347656,2.8279,5.9141,8.8754,0.8571,0.8397,0.8861
2026-05-12T10:45:16.817657,Francia,0,LSTM_Attention_Multi,10.61593246459961,35.70170593261719,35.093544006347656,2.8279,5.9141,8.8754,0.8571,0.8397,0.8861
2026-05-12T10:45:35.687397,Politécnico,0,LSTM_Attention_Multi,13.600000381469727,86.0,114.19999694824219,2.8279,5.9141,8.8754,0.8571,0.8397,0.8861
2026-05-12T10:45:35.690421,Politécnico,0,LSTM_Attention_Multi,13.600000381469727,86.0,114.19999694824219,2.8279,5.9141,8.8754,0.8571,0.8397,0.8861
2026-05-12T10:45:35.696454,Francia,0,LSTM_Attention_Multi,13.600000381469727,86.0,114.19999694824219,2.8279,5.9141,8.8754,0.8571,0.8397,0.8861
2026-05-12T10:45:35.696540,Universidad Politécnica,0,LSTM_Attention_Multi,14.199999809265137,90.0,115.39999389648438,2.8279,5.9141,8.8754,0.8571,0.8397,0.8861
2026-05-12T10:45:35.699947,Universidad Politécnica,0,LSTM_Attention_Multi,13.600000381469727,86.0,114.19999694824219,2.8279,5.9141,8.8754,0.8571,0.8397,0.8861
2026-05-12T10:45:35.700027,Puerto Valencia,0,LSTM_Attention_Multi,14.199999809265137,90.0,115.39999389648438,2.8279,5.9141,8.8754,0.8571,0.8397,0.8861
2026-05-12T10:45:35.705895,Francia,0,LSTM_Attention_Multi,13.600000381469727,86.0,114.19999694824219,2.8279,5.9141,8.8754,0.8571,0.8397,0.8861
2026-05-12T10:45:35.709413,Molí del Sol,0,LSTM_Attention_Multi,13.600000381469727,86.0,114.19999694824219,2.8279,5.9141,8.8754,0.8571,0.8397,0.8861
2026-05-12T10:45:35.712624,Pista de Silla,0,LSTM_Attention_Multi,13.600000381469727,86.0,114.19999694824219,2.8279,5.9141,8.8754,0.8571,0.8397,0.8861
2026-05-12T10:45:35.715504,Puerto Moll Trans. Ponent,0,LSTM_Attention_Multi,13.600000381469727,86.0,114.19999694824219,2.8279,5.9141,8.8754,0.8571,0.8397,0.8861
2026-05-12T10:45:35.718904,Puerto Valencia,0,LSTM_Attention_Multi,13.600000381469727,86.0,114.19999694824219,2.8279,5.9141,8.8754,0.8571,0.8397,0.8861
2026-05-12T10:45:35.721797,Puerto llit antic Túria,0,LSTM_Attention_Multi,13.600000381469727,86.0,114.19999694824219,2.8279,5.9141,8.8754,0.8571,0.8397,0.8861
2026-05-12T10:45:35.724694,Universidad Politécnica,0,LSTM_Attention_Multi,13.600000381469727,86.0,114.19999694824219,2.8279,5.9141,8.8754,0.8571,0.8397,0.8861
2026-05-12T10:46:14.807234,Francia,0,LSTM_Attention_Multi,10.61593246459961,35.70170593261719,35.093544006347656,2.8279,5.9141,8.8754,0.8571,0.8397,0.8861
2026-05-12T10:47:15.582084,Francia,0,LSTM_Attention_Multi,10.61593246459961,35.70170593261719,35.093544006347656,2.8279,5.9141,8.8754,0.8571,0.8397,0.8861
2026-05-12T10:48:16.539968,Francia,0,LSTM_Attention_Multi,10.61593246459961,35.70170593261719,35.093544006347656,2.8279,5.9141,8.8754,0.8571,0.8397,0.8861
2026-05-12T10:49:14.596724,Francia,0,LSTM_Attention_Multi,10.61593246459961,35.70170593261719,35.093544006347656,2.8279,5.9141,8.8754,0.8571,0.8397,0.8861
2026-05-12T10:50:16.564780,Francia,0,LSTM_Attention_Multi,10.61593246459961,35.70170593261719,35.093544006347656,2.8279,5.9141,8.8754,0.8571,0.8397,0.8861
2026-05-12T10:51:14.615944,Francia,0,LSTM_Attention_Multi,10.61593246459961,35.70170593261719,35.093544006347656,2.8279,5.9141,8.8754,0.8571,0.8397,0.8861
2026-05-12T10:52:15.487271,Francia,0,LSTM_Attention_Multi,10.61593246459961,35.70170593261719,35.093544006347656,2.8279,5.9141,8.8754,0.8571,0.8397,0.8861
2026-05-12T10:53:14.860751,Francia,0,LSTM_Attention_Multi,10.61593246459961,35.70170593261719,35.093544006347656,2.8279,5.9141,8.8754,0.8571,0.8397,0.8861
2026-05-12T10:54:15.598615,Francia,0,LSTM_Attention_Multi,10.61593246459961,35.70170593261719,35.093544006347656,2.8279,5.9141,8.8754,0.8571,0.8397,0.8861
2026-05-12T10:55:16.429268,Francia,0,LSTM_Attention_Multi,10.61593246459961,35.70170593261719,35.093544006347656,2.8279,5.9141,8.8754,0.8571,0.8397,0.8861
2026-05-12T10:56:14.123321,Francia,0,LSTM_Attention_Multi,10.61593246459961,35.70170593261719,35.093544006347656,2.8279,5.9141,8.8754,0.8571,0.8397,0.8861
2026-05-12T10:57:16.310459,Francia,0,LSTM_Attention_Multi,10.61593246459961,35.70170593261719,35.093544006347656,2.8279,5.9141,8.8754,0.8571,0.8397,0.8861
2026-05-12T10:58:14.243917,Francia,0,LSTM_Attention_Multi,10.61593246459961,35.70170593261719,35.093544006347656,2.8279,5.9141,8.8754,0.8571,0.8397,0.8861
2026-05-12T10:59:15.205985,Francia,0,LSTM_Attention_Multi,10.61593246459961,35.70170593261719,35.093544006347656,2.8279,5.9141,8.8754,0.8571,0.8397,0.8861
2026-05-12T11:00:13.038303,Francia,0,LSTM_Attention_Multi,10.61593246459961,35.70170593261719,35.093544006347656,2.8279,5.9141,8.8754,0.8571,0.8397,0.8861
2026-05-12T11:01:15.234027,Francia,0,LSTM_Attention_Multi,10.61593246459961,35.70170593261719,35.093544006347656,2.8279,5.9141,8.8754,0.8571,0.8397,0.8861
2026-05-12T11:02:16.105755,Francia,0,LSTM_Attention_Multi,10.61593246459961,35.70170593261719,35.093544006347656,2.8279,5.9141,8.8754,0.8571,0.8397,0.8861
2026-05-12T11:03:14.025838,Francia,0,LSTM_Attention_Multi,10.61593246459961,35.70170593261719,35.093544006347656,2.8279,5.9141,8.8754,0.8571,0.8397,0.8861
2026-05-12T11:04:14.891082,Francia,0,LSTM_Attention_Multi,10.61593246459961,35.70170593261719,35.093544006347656,2.8279,5.9141,8.8754,0.8571,0.8397,0.8861
2026-05-12T11:05:15.748066,Francia,0,LSTM_Attention_Multi,10.61593246459961,35.70170593261719,35.093544006347656,2.8279,5.9141,8.8754,0.8571,0.8397,0.8861
2026-05-12T11:06:16.612220,Francia,0,LSTM_Attention_Multi,10.61593246459961,35.70170593261719,35.093544006347656,2.8279,5.9141,8.8754,0.8571,0.8397,0.8861
2026-05-12T11:07:14.538200,Francia,0,LSTM_Attention_Multi,10.61593246459961,35.70170593261719,35.093544006347656,2.8279,5.9141,8.8754,0.8571,0.8397,0.8861
2026-05-12T11:08:15.405779,Francia,0,LSTM_Attention_Multi,10.61593246459961,35.70170593261719,35.093544006347656,2.8279,5.9141,8.8754,0.8571,0.8397,0.8861
2026-05-12T11:09:16.278182,Francia,0,LSTM_Attention_Multi,10.61593246459961,35.70170593261719,35.093544006347656,2.8279,5.9141,8.8754,0.8571,0.8397,0.8861
2026-05-12T11:10:14.019603,Francia,0,LSTM_Attention_Multi,10.61593246459961,35.70170593261719,35.093544006347656,2.8279,5.9141,8.8754,0.8571,0.8397,0.8861
2026-05-12T11:11:16.956874,Francia,0,LSTM_Attention_Multi,10.61593246459961,35.70170593261719,35.093544006347656,2.8279,5.9141,8.8754,0.8571,0.8397,0.8861
2026-05-12T11:22:40.029316,Francia,0,LSTM_Attention_Multi,10.61593246459961,35.70170593261719,35.093544006347656,2.8279,5.9141,8.8754,0.8571,0.8397,0.8861
2026-05-12T11:22:40.622385,Francia,24,LSTM_Attention_Multi,10.392891883850098,34.458343505859375,35.39280319213867,2.8279,5.9141,8.8754,0.8571,0.8397,0.8861
2026-05-12T11:22:41.212909,Francia,48,LSTM_Attention_Multi,10.386418342590332,34.310394287109375,35.65763854980469,2.8279,5.9141,8.8754,0.8571,0.8397,0.8861
2026-05-12T11:22:41.830465,Francia,72,LSTM_Attention_Multi,10.380757331848145,34.163291931152344,35.92729187011719,2.8279,5.9141,8.8754,0.8571,0.8397,0.8861
2026-05-12T11:22:42.446842,Molí del Sol,0,LSTM_Attention_Multi,11.743159294128418,35.900978088378906,29.90194320678711,2.8279,5.9141,8.8754,0.8571,0.8397,0.8861
2026-05-12T11:22:43.133560,Molí del Sol,24,LSTM_Attention_Multi,11.583250045776367,35.29099655151367,30.947011947631836,2.8279,5.9141,8.8754,0.8571,0.8397,0.8861
2026-05-12T11:22:43.702086,Molí del Sol,48,LSTM_Attention_Multi,11.574596405029297,35.18138122558594,31.088314056396484,2.8279,5.9141,8.8754,0.8571,0.8397,0.8861
2026-05-12T11:22:44.315493,Molí del Sol,72,LSTM_Attention_Multi,11.567588806152344,35.078651428222656,31.22882080078125,2.8279,5.9141,8.8754,0.8571,0.8397,0.8861
2026-05-12T11:22:44.941242,Pista de Silla,0,LSTM_Attention_Multi,10.61501693725586,39.02670669555664,29.76194190979004,2.8279,5.9141,8.8754,0.8571,0.8397,0.8861
2026-05-12T11:22:45.554403,Pista de Silla,24,LSTM_Attention_Multi,10.29917049407959,36.501914978027344,31.197643280029297,2.8279,5.9141,8.8754,0.8571,0.8397,0.8861
2026-05-12T11:22:46.147818,Pista de Silla,48,LSTM_Attention_Multi,10.296565055847168,36.459224700927734,31.284061431884766,2.8279,5.9141,8.8754,0.8571,0.8397,0.8861
2026-05-12T11:22:46.782623,Pista de Silla,72,LSTM_Attention_Multi,10.295092582702637,36.419219970703125,31.374820709228516,2.8279,5.9141,8.8754,0.8571,0.8397,0.8861
2026-05-12T11:22:47.408908,Puerto Moll Trans. Ponent,0,LSTM_Attention_Multi,9.34644889831543,34.2161750793457,33.30539321899414,2.8279,5.9141,8.8754,0.8571,0.8397,0.8861
2026-05-12T11:22:47.990166,Puerto Moll Trans. Ponent,24,LSTM_Attention_Multi,9.297163009643555,33.66490173339844,35.462913513183594,2.8279,5.9141,8.8754,0.8571,0.8397,0.8861
2026-05-12T11:22:48.593472,Puerto Moll Trans. Ponent,48,LSTM_Attention_Multi,9.2905912399292,33.556175231933594,35.5824089050293,2.8279,5.9141,8.8754,0.8571,0.8397,0.8861
2026-05-12T11:22:49.218492,Puerto Moll Trans. Ponent,72,LSTM_Attention_Multi,9.284621238708496,33.44257736206055,35.71087646484375,2.8279,5.9141,8.8754,0.8571,0.8397,0.8861
2026-05-12T11:22:49.854637,Puerto Valencia,0,LSTM_Attention_Multi,8.461538314819336,34.13994598388672,31.50765609741211,2.8279,5.9141,8.8754,0.8571,0.8397,0.8861
2026-05-12T11:22:50.466723,Puerto Valencia,24,LSTM_Attention_Multi,8.113022804260254,33.01634979248047,34.16707229614258,2.8279,5.9141,8.8754,0.8571,0.8397,0.8861
2026-05-12T11:22:51.352327,Puerto Valencia,48,LSTM_Attention_Multi,8.113288879394531,32.909523010253906,34.27188491821289,2.8279,5.9141,8.8754,0.8571,0.8397,0.8861
2026-05-12T11:22:52.001482,Puerto Valencia,72,LSTM_Attention_Multi,8.114802360534668,32.803218841552734,34.37786102294922,2.8279,5.9141,8.8754,0.8571,0.8397,0.8861
2026-05-12T11:22:52.597098,Puerto llit antic Túria,0,LSTM_Attention_Multi,9.00858211517334,32.088470458984375,34.84362030029297,2.8279,5.9141,8.8754,0.8571,0.8397,0.8861
2026-05-12T11:22:53.304285,Puerto llit antic Túria,24,LSTM_Attention_Multi,9.08801555633545,31.9526309967041,35.440425872802734,2.8279,5.9141,8.8754,0.8571,0.8397,0.8861
2026-05-12T11:22:53.896797,Puerto llit antic Túria,48,LSTM_Attention_Multi,9.093720436096191,31.837003707885742,35.50051498413086,2.8279,5.9141,8.8754,0.8571,0.8397,0.8861
2026-05-12T11:22:54.478623,Puerto llit antic Túria,72,LSTM_Attention_Multi,9.098233222961426,31.725509643554688,35.566890716552734,2.8279,5.9141,8.8754,0.8571,0.8397,0.8861
2026-05-12T11:22:55.093602,Universidad Politécnica,0,LSTM_Attention_Multi,10.429221153259277,36.68025207519531,27.360347747802734,2.8279,5.9141,8.8754,0.8571,0.8397,0.8861
2026-05-12T11:22:55.705073,Universidad Politécnica,24,LSTM_Attention_Multi,10.019182205200195,34.55569076538086,30.538448333740234,2.8279,5.9141,8.8754,0.8571,0.8397,0.8861
2026-05-12T11:22:56.302657,Universidad Politécnica,48,LSTM_Attention_Multi,9.99689769744873,34.453224182128906,30.680803298950195,2.8279,5.9141,8.8754,0.8571,0.8397,0.8861
2026-05-12T11:22:56.916188,Universidad Politécnica,72,LSTM_Attention_Multi,9.977108001708984,34.352535247802734,30.821659088134766,2.8279,5.9141,8.8754,0.8571,0.8397,0.8861
2026-05-12T11:28:13.490817,Francia,0,LSTM_Attention_Multi,10.61593246459961,35.70170593261719,35.093544006347656,,,,,,
2026-05-12T11:28:13.550766,Francia,24,LSTM_Attention_Multi,10.392891883850098,34.458343505859375,35.39280319213867,,,,,,
2026-05-12T11:28:13.608966,Francia,48,LSTM_Attention_Multi,10.386418342590332,34.310394287109375,35.65763854980469,,,,,,
2026-05-12T11:28:13.668503,Francia,72,LSTM_Attention_Multi,10.380757331848145,34.163291931152344,35.92729187011719,,,,,,
2026-05-12T11:28:13.729418,Molí del Sol,0,LSTM_Attention_Multi,11.743159294128418,35.900978088378906,29.90194320678711,,,,,,
2026-05-12T11:28:13.790890,Molí del Sol,24,LSTM_Attention_Multi,11.583250045776367,35.29099655151367,30.947011947631836,,,,,,
2026-05-12T11:28:13.851071,Molí del Sol,48,LSTM_Attention_Multi,11.574596405029297,35.18138122558594,31.088314056396484,,,,,,
2026-05-12T11:28:13.912685,Molí del Sol,72,LSTM_Attention_Multi,11.567588806152344,35.078651428222656,31.22882080078125,,,,,,
2026-05-12T11:28:13.979339,Pista de Silla,0,LSTM_Attention_Multi,10.61501693725586,39.02670669555664,29.76194190979004,,,,,,
2026-05-12T11:28:14.049878,Pista de Silla,24,LSTM_Attention_Multi,10.29917049407959,36.501914978027344,31.197643280029297,,,,,,
2026-05-12T11:28:14.112388,Pista de Silla,48,LSTM_Attention_Multi,10.296565055847168,36.459224700927734,31.284061431884766,,,,,,
2026-05-12T11:28:14.174774,Pista de Silla,72,LSTM_Attention_Multi,10.295092582702637,36.419219970703125,31.374820709228516,,,,,,
2026-05-12T11:28:14.223350,Puerto Moll Trans. Ponent,0,LSTM_Attention_Multi,9.34644889831543,34.2161750793457,33.30539321899414,,,,,,
2026-05-12T11:28:14.270434,Puerto Moll Trans. Ponent,24,LSTM_Attention_Multi,9.297163009643555,33.66490173339844,35.462913513183594,,,,,,
2026-05-12T11:28:14.317678,Puerto Moll Trans. Ponent,48,LSTM_Attention_Multi,9.2905912399292,33.556175231933594,35.5824089050293,,,,,,
2026-05-12T11:28:14.364690,Puerto Moll Trans. Ponent,72,LSTM_Attention_Multi,9.284621238708496,33.44257736206055,35.71087646484375,,,,,,
2026-05-12T11:28:14.409995,Puerto Valencia,0,LSTM_Attention_Multi,8.461538314819336,34.13994598388672,31.50765609741211,,,,,,
2026-05-12T11:28:14.460909,Puerto Valencia,24,LSTM_Attention_Multi,8.113022804260254,33.01634979248047,34.16707229614258,,,,,,
2026-05-12T11:28:14.506620,Puerto Valencia,48,LSTM_Attention_Multi,8.113288879394531,32.909523010253906,34.27188491821289,,,,,,
2026-05-12T11:28:14.553355,Puerto Valencia,72,LSTM_Attention_Multi,8.114802360534668,32.803218841552734,34.37786102294922,,,,,,
2026-05-12T11:28:14.600512,Puerto llit antic Túria,0,LSTM_Attention_Multi,9.00858211517334,32.088470458984375,34.84362030029297,,,,,,
2026-05-12T11:28:14.647935,Puerto llit antic Túria,24,LSTM_Attention_Multi,9.08801555633545,31.9526309967041,35.440425872802734,,,,,,
2026-05-12T11:28:14.702602,Puerto llit antic Túria,48,LSTM_Attention_Multi,9.093720436096191,31.837003707885742,35.50051498413086,,,,,,
2026-05-12T11:28:14.749523,Puerto llit antic Túria,72,LSTM_Attention_Multi,9.098233222961426,31.725509643554688,35.566890716552734,,,,,,
2026-05-12T11:28:14.815118,Universidad Politécnica,0,LSTM_Attention_Multi,10.429221153259277,36.68025207519531,27.360347747802734,,,,,,
2026-05-12T11:28:14.878947,Universidad Politécnica,24,LSTM_Attention_Multi,10.019182205200195,34.55569076538086,30.538448333740234,,,,,,
2026-05-12T11:28:14.941482,Universidad Politécnica,48,LSTM_Attention_Multi,9.99689769744873,34.453224182128906,30.680803298950195,,,,,,
2026-05-12T11:28:15.003901,Universidad Politécnica,72,LSTM_Attention_Multi,9.977108001708984,34.352535247802734,30.821659088134766,,,,,,
2026-05-12T11:29:21.860393,Francia,0,LSTM_Attention_Multi,10.61593246459961,35.70170593261719,35.093544006347656,,,,,,
2026-05-12T11:29:22.646805,Francia,24,LSTM_Attention_Multi,10.392891883850098,34.458343505859375,35.39280319213867,,,,,,
2026-05-12T11:29:23.408571,Francia,48,LSTM_Attention_Multi,10.386418342590332,34.310394287109375,35.65763854980469,,,,,,
2026-05-12T11:29:24.110763,Francia,72,LSTM_Attention_Multi,10.380757331848145,34.163291931152344,35.92729187011719,,,,,,
2026-05-12T11:29:24.792969,Molí del Sol,0,LSTM_Attention_Multi,11.743159294128418,35.900978088378906,29.90194320678711,,,,,,
2026-05-12T11:29:25.469020,Molí del Sol,24,LSTM_Attention_Multi,11.583250045776367,35.29099655151367,30.947011947631836,,,,,,
2026-05-12T11:29:26.115185,Molí del Sol,48,LSTM_Attention_Multi,11.574596405029297,35.18138122558594,31.088314056396484,,,,,,
2026-05-12T11:29:26.797470,Molí del Sol,72,LSTM_Attention_Multi,11.567588806152344,35.078651428222656,31.22882080078125,,,,,,
2026-05-12T11:29:27.463431,Pista de Silla,0,LSTM_Attention_Multi,10.61501693725586,39.02670669555664,29.76194190979004,,,,,,
2026-05-12T11:29:28.100702,Pista de Silla,24,LSTM_Attention_Multi,10.29917049407959,36.501914978027344,31.197643280029297,,,,,,
2026-05-12T11:29:28.727281,Pista de Silla,48,LSTM_Attention_Multi,10.296565055847168,36.459224700927734,31.284061431884766,,,,,,
2026-05-12T11:29:29.413029,Pista de Silla,72,LSTM_Attention_Multi,10.295092582702637,36.419219970703125,31.374820709228516,,,,,,
2026-05-12T11:29:30.035012,Puerto Moll Trans. Ponent,0,LSTM_Attention_Multi,9.34644889831543,34.2161750793457,33.30539321899414,,,,,,
2026-05-12T11:29:30.686302,Puerto Moll Trans. Ponent,24,LSTM_Attention_Multi,9.297163009643555,33.66490173339844,35.462913513183594,,,,,,
2026-05-12T11:29:31.327869,Puerto Moll Trans. Ponent,48,LSTM_Attention_Multi,9.2905912399292,33.556175231933594,35.5824089050293,,,,,,
2026-05-12T11:29:31.988806,Puerto Moll Trans. Ponent,72,LSTM_Attention_Multi,9.284621238708496,33.44257736206055,35.71087646484375,,,,,,
2026-05-12T11:29:32.594067,Puerto Valencia,0,LSTM_Attention_Multi,8.461538314819336,34.13994598388672,31.50765609741211,,,,,,
2026-05-12T11:29:33.210297,Puerto Valencia,24,LSTM_Attention_Multi,8.113022804260254,33.01634979248047,34.16707229614258,,,,,,
2026-05-12T11:29:33.843451,Puerto Valencia,48,LSTM_Attention_Multi,8.113288879394531,32.909523010253906,34.27188491821289,,,,,,
2026-05-12T11:29:34.463259,Puerto Valencia,72,LSTM_Attention_Multi,8.114802360534668,32.803218841552734,34.37786102294922,,,,,,
2026-05-12T11:29:35.094088,Puerto llit antic Túria,0,LSTM_Attention_Multi,9.00858211517334,32.088470458984375,34.84362030029297,,,,,,
2026-05-12T11:29:35.717771,Puerto llit antic Túria,24,LSTM_Attention_Multi,9.08801555633545,31.9526309967041,35.440425872802734,,,,,,
2026-05-12T11:29:38.445077,Puerto llit antic Túria,48,LSTM_Attention_Multi,9.093720436096191,31.837003707885742,35.50051498413086,,,,,,
2026-05-12T11:29:39.061710,Puerto llit antic Túria,72,LSTM_Attention_Multi,9.098233222961426,31.725509643554688,35.566890716552734,,,,,,
2026-05-12T11:29:42.615056,Universidad Politécnica,0,LSTM_Attention_Multi,10.429221153259277,36.68025207519531,27.360347747802734,,,,,,
2026-05-12T11:29:43.247180,Universidad Politécnica,24,LSTM_Attention_Multi,10.019182205200195,34.55569076538086,30.538448333740234,,,,,,
2026-05-12T11:29:43.865844,Universidad Politécnica,48,LSTM_Attention_Multi,9.99689769744873,34.453224182128906,30.680803298950195,,,,,,
2026-05-12T11:29:44.538837,Universidad Politécnica,72,LSTM_Attention_Multi,9.977108001708984,34.352535247802734,30.821659088134766,,,,,,
